{"epoch_time":2796.4656553268433,"val/mAP_75":0.008444713428616524,"_runtime":2641,"val/mAP":0.027801526710391045,"train_step_loss":1.4064363241195679,"val/AP_korean":0.03466155752539635,"learning_rate":0.0002,"_timestamp":1.756982711177023e+09,"_wandb":{"runtime":2641},"val/AP_english":0,"val/AP_number":0.01039795856922865,"_step":130,"epoch":1,"train_loss":1.813023985321842,"val/mAR_10":0.09640464186668396,"val/mAP_50":0.09067429602146149,"val/AP_mixed_special":0.03834506496787071,"val/mAR_1":0.007588137406855822,"step_time":17.79555034637451}