{"_timestamp":1.7570078435178695e+09,"epoch_time":2292.888156890869,"val/mAP":0.6710649132728577,"val/AP_number":0.5914565920829773,"_runtime":22723,"val/AP_mixed_special":0.6783877015113831,"_step":1340,"val/AP_korean":0.7433504462242126,"train_loss":0.24747884529295253,"val/mAP_50":0.9351705312728882,"step_time":2.055534601211548,"val/mAR_10":0.7630490660667419,"val/mAP_75":0.8389483094215393,"_wandb":{"runtime":22723},"train_step_loss":0.23209553956985474,"val/AP_english":0,"val/mAR_1":0.13845963776111603,"epoch":10,"learning_rate":0.0002}