{"train_step_loss":0.49657511711120605,"step_time":10.445903301239014,"learning_rate":0.0002,"_timestamp":1.7570413875837078e+09,"_step":220,"_wandb":{"runtime":6388},"_runtime":6388.383729326}