{"learning_rate":0.0002,"step_time":8.66919493675232,"val/AP_english":0.11776623874902725,"_timestamp":1.7570559341043894e+09,"epoch_time":5378.847465515137,"val/AP_korean":0.6409464478492737,"val/mAR_10":0.6680134534835815,"_wandb":{"runtime":9573},"val/mAP_50":0.7406322360038757,"_step":1170,"epoch":1,"val/mAP":0.4702995717525482,"val/AP_mixed_special":0.6273185014724731,"val/AP_number":0.49516716599464417,"train_step_loss":0.26632851362228394,"val/mAP_75":0.5596523880958557,"_runtime":9573.932126451,"train_loss":3.399157921905103,"val/mAR_1":0.23828522861003876}