{"step_time":6.74001145362854,"epoch":1,"val/mAP_75":0.35285305976867676,"val/mAR_1":0.08725081384181976,"_wandb":{"runtime":931},"_runtime":931,"val/AP_mixed_special":0.2884628176689148,"val/mAP":0.3790191411972046,"train_step_loss":0.61042320728302,"_step":130,"epoch_time":960.8681614398956,"val/AP_korean":0.6236557960510254,"val/AP_number":0.22493882477283478,"_timestamp":1.7569711319420373e+09,"learning_rate":0.0002,"val/AP_english":0,"val/mAP_50":0.7248801589012146,"val/mAR_10":0.5067950487136841,"train_loss":1.1910609015777929}