{"val/mAP_75":0.7583196759223938,"step_time":26.59949278831482,"val/mAR_10":0.7267636656761169,"val/mAP_50":0.9233836531639099,"learning_rate":0.0002,"epoch":4,"_runtime":12011.385992455,"val/AP_number":0.5844965577125549,"val/AP_korean":0.7190563082695007,"_wandb":{"runtime":12011},"epoch_time":3281.649465560913,"train_loss":0.3195761006269882,"val/AP_mixed_special":0.5694642663002014,"val/mAP":0.6243390440940857,"train_step_loss":0.3378409743309021,"_timestamp":1.7568837722621899e+09,"val/mAR_1":0.12886209785938263,"_step":580,"val/AP_english":0}