{"epoch_time":2930.943661212921,"epoch":10,"_runtime":27139,"train_step_loss":0.23919855058193207,"val/AP_number":0.5256070494651794,"val/mAR_1":0.13411574065685272,"val/AP_mixed_special":0.7272266745567322,"_step":1340,"learning_rate":0.0002,"step_time":2.0306053161621094,"val/AP_english":0,"val/AP_korean":0.7131606340408325,"val/mAP_50":0.9427081346511841,"train_loss":0.2444789487479338,"val/mAP":0.6553314328193665,"_wandb":{"runtime":27139},"_timestamp":1.7569254438102686e+09,"val/mAP_75":0.7698414921760559,"val/mAR_10":0.7510058283805847}