{"_runtime":2979,"epoch":10,"train_loss":1.9943388810753822,"valid_loss":2.5944097948074343,"_timestamp":1.7567817610603764e+09,"_step":9,"_wandb":{"runtime":2979}}