{"_timestamp":1.7569541706292784e+09,"val/mAP_75":0.6725154519081116,"_step":420,"val/AP_korean":0.7161023020744324,"learning_rate":0.0002,"train_loss":0.38426759772336305,"val/AP_english":0,"val/AP_mixed_special":0.558220624923706,"step_time":25.014315128326416,"val/AP_number":0.47047895193099976,"epoch_time":3013.8374342918396,"epoch":3,"_runtime":13991.059656027,"train_step_loss":0.330257385969162,"val/mAR_10":0.690096378326416,"val/mAP":0.5816006660461426,"val/mAR_1":0.12255051732063293,"_wandb":{"runtime":13991},"val/mAP_50":0.9044595956802368}