{"_step":100,"train_step_loss":1.1243767738342285,"step_time":27.828574895858765,"_wandb":{"runtime":8338},"_runtime":8338.234871771,"learning_rate":0.0002,"_timestamp":1.756961631535038e+09}