{"learning_rate":0.0002,"_timestamp":1.75703844428318e+09,"_step":280,"_wandb":{"runtime":2422},"_runtime":2422.512389715,"train_step_loss":0.40469491481781006,"step_time":6.877083778381348}