{"learning_rate":0.0002,"val/AP_number":0.480130136013031,"val/mAP_50":0.9130253195762634,"val/AP_english":0,"val/AP_mixed_special":0.5935229063034058,"_wandb":{"runtime":4086},"val/mAR_1":0.1204107403755188,"_timestamp":1.7569755981604853e+09,"epoch_time":722.9619998931885,"step_time":7.1352667808532715,"val/mAP_75":0.7096866965293884,"val/mAR_10":0.7039665579795837,"train_loss":0.28925953338395305,"epoch":4,"_runtime":4086.51735303,"val/mAP":0.6004213094711304,"_step":610,"train_step_loss":0.2791215777397156,"val/AP_korean":0.7276109457015991}